Name,Phone,Email
Griselda,190-122-4684,gmcilenna0@chronoengine.com
Ethyl,532-848-2810,ewooles1@1und1.de
Ermanno,621-800-3747,ehaverson2@twitpic.com
Bartolomeo,230-422-6346,bsurgeoner3@devhub.com
Lavinia,206-463-3494,lsomerlie4@salon.com
Julie,900-820-9581,jdelisle5@naver.com
Eada,172-807-9810,esweetnam6@microsoft.com
Charlot,383-847-6436,cseckom7@nih.gov
Jennee,153-435-0917,jgabbotts8@spiegel.de
Byram,899-516-6465,bthorns9@ed.gov
Flem,837-156-2910,fivantyeva@usatoday.com
Brandais,917-376-1285,brousb@uol.com.br
Charmane,837-229-9895,csedwickc@theglobeandmail.com
Waverley,687-118-8101,wspraggd@sphinn.com
Alberik,734-442-4208,avalentae@issuu.com
Constantine,630-994-2362,csteaningf@phpbb.com
Alanson,196-717-9233,agibkeg@skype.com
Barclay,485-501-8694,bdahmelh@sbwire.com
Leroy,322-668-8405,lfrantzi@so-net.ne.jp
Gloriane,975-823-5173,glanglandj@vistaprint.com
Augustine,152-848-5149,acakebreadk@live.com
Micah,779-753-7757,msaiensl@amazon.com
Billie,885-808-1433,bbackhurstm@nps.gov
Kaia,877-628-7908,kgiacovettin@pinterest.com
Willy,812-393-6150,wlippietto@xinhuanet.com
Andriette,773-317-9182,acuffleyp@sitemeter.com
Bondy,338-132-3661,bblurtonq@army.mil
Elijah,160-681-2367,eskingleyr@flickr.com
Constanta,823-276-6326,csiehards@google.com.hk
Ferdie,474-254-0165,fstclairt@godaddy.com
Bamby,280-622-6395,bkilleenu@bbb.org
Idalina,261-300-2920,ibaldiniv@vistaprint.com
Magnum,772-627-0460,mcourtesw@omniture.com
Berti,920-737-0470,bmcardellx@odnoklassniki.ru
Breanne,866-677-4975,bcallaghany@paginegialle.it
Eduard,268-544-7939,edoudz@amazon.de
Terza,266-456-0773,tmattersley10@stanford.edu
Suki,211-636-5658,scohane11@seesaa.net
Marlyn,987-259-8801,mkeyho12@earthlink.net
Balduin,648-261-4865,bfilchagin13@wikispaces.com
Sarene,287-993-6966,sceccoli14@istockphoto.com
Roxi,372-247-5169,rmilby15@cisco.com
Barnaby,857-632-1282,bnorthcliffe16@bravesites.com
Ellene,620-256-2909,ebattany17@csmonitor.com
Noam,483-340-2890,ncasolla18@xing.com
Nickolai,998-934-8769,ncuddehay19@disqus.com
Cosmo,131-933-3672,cbriggdale1a@microsoft.com
Nelle,629-886-2528,nebbotts1b@about.me
Jeni,868-510-8561,jmaidens1c@elegantthemes.com
Micheal,804-346-3636,mlodford1d@cdc.gov
Karl,590-557-3450,koxley1e@vinaora.com
Prince,419-277-0837,ptotterdill1f@who.int
Tedra,314-721-5838,tlunck1g@wired.com
Gwendolen,608-715-8564,gbenko1h@nytimes.com
Bendix,887-491-0226,bseddon1i@dagondesign.com
Merlina,480-259-3308,mwhitman1j@bbc.co.uk
Celeste,146-130-4187,chasell1k@ezinearticles.com
Johnette,998-110-2879,jking1l@last.fm
Mureil,263-348-5007,mlowdyane1m@tripod.com
Rosy,927-248-6847,rarnoldi1n@discuz.net
Veda,810-223-2126,vlessmare1o@histats.com
Grissel,461-527-6672,gkinner1p@ebay.co.uk
Paulo,804-585-4745,pgarrelts1q@nytimes.com
Josy,361-774-4931,jtoal1r@imgur.com
Massimiliano,153-789-6831,mgittins1s@whitehouse.gov
Lorita,666-765-0232,lwittey1t@facebook.com
Fergus,203-590-4387,fwabe1u@baidu.com
Helga,942-623-7664,hcoslitt1v@irs.gov
Austin,449-203-3535,aabade1w@networkadvertising.org
Theo,822-136-6244,twalters1x@ameblo.jp
Ulises,141-468-2679,usculpher1y@businessweek.com
Annis,146-254-8220,agwillim1z@slate.com
Isaac,266-878-2306,imcmorran20@senate.gov
Ivonne,349-214-4156,ieamer21@state.tx.us
Therese,500-291-2802,tbulley22@si.edu
Goldie,113-509-0841,ggawne23@icq.com
Noemi,816-683-4283,njosef24@so-net.ne.jp
Leupold,661-176-7804,lpheby25@arizona.edu
Candace,982-207-8877,cmaciocia26@gnu.org
Dominga,415-899-0428,dcyster27@themeforest.net
Rustin,891-598-8792,rpaoletti28@dell.com
Hattie,707-970-8590,hgildersleeve29@theatlantic.com
Nike,514-634-8583,ndunkerton2a@yale.edu
Cornelle,938-207-7409,cdiviney2b@amazon.de
Richmound,710-968-0415,rmillican2c@bravesites.com
Halsey,459-842-9853,hstorkes2d@dailymail.co.uk
Lela,187-821-0259,llivingstone2e@google.com
Dave,501-529-4498,dmassie2f@biblegateway.com
Ginni,984-513-4962,gspileman2g@skyrock.com
El,903-647-8591,eseger2h@cam.ac.uk
Jarret,709-690-0775,jgland2i@youtu.be
Dot,764-699-1718,dzavittieri2j@com.com
Finn,905-644-8669,ffarans2k@dedecms.com
Lin,214-447-5824,lpilsbury2l@ifeng.com
Lyle,686-423-6988,lcaird2m@technorati.com
Rosene,255-988-7090,roliveras2n@sina.com.cn
Barbe,196-821-9112,bgwillim2o@bbc.co.uk
Francyne,453-752-3762,fderbyshire2p@vkontakte.ru
Bryce,651-352-3247,bkosiada2q@accuweather.com
Meredithe,377-905-9218,mhein2r@seattletimes.com
Klemens,766-559-5444,kham2s@microsoft.com
Rhonda,327-721-4111,rmebes2t@networkadvertising.org
Jordanna,793-667-6346,jpenvarne2u@wufoo.com
Christian,372-466-9494,cblazevic2v@stanford.edu
Torre,857-336-7737,teddleston2w@army.mil
Hedwig,547-597-1060,hterry2x@phoca.cz
Mart,826-142-4918,mmachen2y@ft.com
Gizela,393-255-1440,gkliemke2z@marketwatch.com
Melanie,872-890-2020,mausher30@biblegateway.com
Jeddy,869-860-4393,jdebischof31@apache.org
Ginger,213-432-2509,glaible32@etsy.com
Leslie,942-968-0804,lbenford33@free.fr
Moises,195-232-0831,mbleythin34@a8.net
Morganica,546-775-4045,mplastow35@oakley.com
Morrie,985-273-7759,mgoch36@archive.org
Rhodie,153-837-6637,ranshell37@squarespace.com
Nelli,170-263-6638,nrandlesome38@arstechnica.com
Dyan,180-881-4779,dcuerdall39@webs.com
Malena,764-580-6308,mhowman3a@narod.ru
Maxy,279-766-8621,mdemiranda3b@vistaprint.com
Genny,330-230-7157,gstallworthy3c@alexa.com
Sallie,943-223-6809,sbierling3d@sina.com.cn
Bobinette,695-411-5866,btinston3e@histats.com
Vivianna,698-284-7847,vwimmers3f@bluehost.com
Kandy,493-200-3199,kwaples3g@nymag.com
Maximilien,586-973-9872,mevetts3h@newyorker.com
Eli,887-651-9730,eminihane3i@geocities.jp
Lucia,412-376-8671,lorro3j@jiathis.com
Gabbey,917-479-9159,gcoleborn3k@seesaa.net
Colby,280-850-6976,csummerrell3l@tumblr.com
Ariel,104-930-1735,azannuto3m@macromedia.com
Constantine,484-291-1737,cweller3n@wisc.edu
Hendrik,457-341-2768,hvizor3o@blogger.com
Byran,863-272-5690,blathe3p@addtoany.com
Kippy,701-716-8809,kmcgannon3q@reverbnation.com
Alfy,822-740-5924,adunford3r@slashdot.org
Emmy,470-811-3457,ehousegoe3s@youku.com
Geordie,973-598-3143,gelizabeth3t@facebook.com
Algernon,852-867-1307,afursland3u@google.co.uk
Mathian,338-427-4910,mboar3v@fastcompany.com
Giselle,606-394-3212,gcurnnokk3w@slideshare.net
Theobald,883-922-2670,tcauston3x@abc.net.au
Agata,557-821-8947,agulvin3y@wordpress.com
Milton,206-751-7518,mducaen3z@ox.ac.uk
Teri,412-308-5334,tmotten40@list-manage.com
Hamnet,284-454-5943,hkain41@wired.com
Kennie,386-401-0598,kellson42@altervista.org
Callida,619-630-1674,csampson43@php.net
Vanya,557-337-9688,vblakeston44@scientificamerican.com
Ev,642-530-6939,earmer45@dell.com
Vannie,887-445-3400,vmarjot46@is.gd
Denni,341-240-8180,dmabbutt47@geocities.jp
Coleen,704-361-2741,cburdin48@foxnews.com
Susi,823-872-2881,spethrick49@usatoday.com
Monika,192-616-5983,mreveley4a@google.fr
Angelina,462-515-0575,aritchie4b@apple.com
Jandy,803-432-5108,jpullin4c@4shared.com
Ardys,776-307-1360,amanning4d@cloudflare.com
Giordano,957-344-6709,gdegoix4e@netscape.com
Fin,841-854-6137,ffreezer4f@chicagotribune.com
Inger,320-306-1247,itheaker4g@economist.com
Viole,870-513-9600,vpottell4h@altervista.org
Madalena,127-445-2716,mpacht4i@dmoz.org
Aleda,828-976-5342,alorriman4j@flickr.com
Land,982-328-2712,llegister4k@example.com
Danny,289-258-4918,dbarrim4l@berkeley.edu
Beret,345-152-5201,borr4m@soup.io
Robina,515-710-0543,rrigts4n@sun.com
Pembroke,535-584-4319,pross4o@dagondesign.com
Fiona,463-600-4492,fmcnuff4p@hubpages.com
Tabor,256-294-0140,tprinn4q@odnoklassniki.ru
Marianna,150-775-4866,mrowbottam4r@ow.ly
Nevile,699-712-4778,ngethins4s@patch.com
Harlene,983-868-1536,hambrogioni4t@desdev.cn
Claire,354-918-3310,cleborgne4u@upenn.edu
Imogen,906-198-7676,ifirks4v@zdnet.com
Delcina,396-254-9878,dnunan4w@printfriendly.com
Floris,686-868-3471,fdonise4x@sakura.ne.jp
Findlay,513-234-5378,fbrewood4y@csmonitor.com
Broderic,329-489-7817,bmclucky4z@ucsd.edu
Norrie,973-524-6227,nsent50@nba.com
Brendin,575-738-3350,bjaher51@hatena.ne.jp
Paula,252-642-3073,plovstrom52@scientificamerican.com
Linette,939-880-5985,ltweedlie53@technorati.com
Enrika,491-216-5458,egerber54@seesaa.net
Tedman,718-381-5636,tconaboy55@behance.net
Cathrine,884-270-5275,cspavins56@economist.com
Caritta,656-538-8348,cmccaull57@dedecms.com
Rosco,720-704-6025,rsantostefano58@kickstarter.com
Edi,575-750-6587,erookesby59@barnesandnoble.com
Avivah,645-255-8040,abilney5a@livejournal.com
Sanderson,123-996-9519,spointing5b@wikispaces.com
Lowrance,528-165-6940,lfrizzell5c@google.de
Amalia,323-734-7039,alitherborough5d@squidoo.com
Symon,315-711-9716,slocal5e@histats.com
Catarina,714-821-7910,cmarfield5f@latimes.com
Nady,895-818-4250,nharbron5g@bbc.co.uk
Isiahi,795-519-2825,ipendrey5h@google.pl
Kristi,297-121-0456,khuzzay5i@nyu.edu
Arlana,296-812-1535,akealy5j@ow.ly
Xavier,675-334-1669,xmacparland5k@msu.edu
Pietra,373-474-5473,pchanter5l@google.com.hk
Elmer,612-400-9461,educhesne5m@163.com
Christean,537-457-6848,cmildmott5n@google.com.br
Kelcie,352-880-3196,kweeden5o@google.de
Georas,406-808-1682,gcongreve5p@slideshare.net
Minnnie,289-910-2768,mwiggett5q@google.es
Halie,981-695-0758,heliff5r@angelfire.com
Samara,903-367-1590,sgenty5s@vimeo.com
Welch,532-732-9895,writchley5t@odnoklassniki.ru
Sasha,777-481-8135,sheckle5u@prlog.org
Kassia,408-682-3391,knys5v@csmonitor.com
Marga,290-851-9444,mhulle5w@newyorker.com
Debi,301-380-6764,dgoldthorp5x@google.ru
Kevin,915-996-3190,kmilazzo5y@prnewswire.com
Dee dee,229-466-0761,dsprankling5z@deviantart.com
Vale,569-880-1531,vmottley60@si.edu
Stephine,933-342-9111,shaill61@google.nl
Abbott,236-658-4711,aspellesy62@imageshack.us
Mort,750-283-6542,mkennelly63@miibeian.gov.cn
Frankie,408-585-6521,fpaulsson64@google.co.jp
Shelba,973-483-1280,sbernardotte65@statcounter.com
Buffy,571-215-1161,bbrettelle66@patch.com
Nerissa,782-885-3185,nducroe67@chron.com
Reg,927-157-9658,rsouley68@stumbleupon.com
Moises,523-987-9347,mloveless69@paginegialle.it
Idelle,804-681-6064,iwoolmer6a@yahoo.com
Eulalie,965-120-3290,eriddler6b@google.com.au
Virgie,985-715-1886,vlivingston6c@cbsnews.com
Maryjane,131-351-9558,mkubach6d@bandcamp.com
Honor,106-265-9184,hoverel6e@tinyurl.com
Grier,252-611-8573,gkirimaa6f@cdbaby.com
Drusi,589-264-2139,dworsley6g@storify.com
Germaine,894-111-3759,gcorrigan6h@europa.eu
Aurlie,866-400-8083,aferebee6i@simplemachines.org
Mildred,567-482-3581,mfrostdick6j@wp.com
Katine,769-104-0903,kmurfett6k@skype.com
Tory,164-151-3767,tlithgow6l@google.pl
Aime,603-623-6897,aolkowicz6m@ox.ac.uk
Karlene,128-825-7504,kshilvock6n@t-online.de
Dilly,294-386-3698,dgirodier6o@soundcloud.com
Francisca,302-519-5362,fbeardsell6p@bandcamp.com
Nehemiah,200-375-3509,nmontford6q@hatena.ne.jp
Carmelle,229-419-9565,csams6r@deliciousdays.com
Rosaleen,935-613-8491,rwillas6s@netlog.com
Jaymie,418-720-5702,jmadgwick6t@example.com
Aloysia,789-531-0649,achaplin6u@csmonitor.com
Bogey,163-969-2765,bconibear6v@unesco.org
Lu,395-667-2123,lwindless6w@virginia.edu
Roxanna,725-403-3927,rmatasov6x@istockphoto.com
Emerson,802-494-2350,elumpkin6y@newyorker.com
Emmie,459-952-4431,emoland6z@over-blog.com
Bernardina,332-687-5517,bgilvear70@webnode.com
Sax,797-694-6489,smckerley71@ycombinator.com
Dacey,530-521-3596,dsydenham72@businesswire.com
Larina,580-889-3782,lstammers73@last.fm
Adriano,795-574-5119,agribbin74@newsvine.com
Binni,398-164-4819,bdomenget75@timesonline.co.uk
Tedmund,454-788-3686,towbrick76@springer.com
Sissy,587-345-8759,spellman77@google.cn
Gabbie,709-943-4025,guccelli78@cpanel.net
Bunnie,788-104-4642,ballington79@alibaba.com
Betteann,242-948-8549,bcrandon7a@sbwire.com
Hallie,431-103-6250,hgossage7b@creativecommons.org
Helaina,708-366-0432,hkingsland7c@arstechnica.com
Willy,241-814-1651,woakenfull7d@sourceforge.net
Rudd,266-906-6073,rarni7e@tumblr.com
Drusi,487-264-5438,dromayn7f@bandcamp.com
Dacia,219-653-8109,dbardnam7g@va.gov
Burk,902-923-8870,bcorday7h@shutterfly.com
Perry,732-313-6587,ppeetermann7i@paypal.com
Raimondo,730-570-8267,rperel7j@networkadvertising.org
Dominick,875-744-3410,dvedenisov7k@w3.org
Britni,488-235-8679,bheinzler7l@sohu.com
Horst,811-424-2035,hcalkin7m@hp.com
Wilmar,280-811-9735,wlockton7n@dot.gov
Emmanuel,968-646-6566,ejaram7o@studiopress.com
Colene,343-876-3532,cglassborow7p@patch.com
Wendie,358-196-1194,wtimoney7q@census.gov
Else,646-275-3815,ebrockest7r@gov.uk
Ursulina,270-514-6314,ufoggarty7s@jugem.jp
Ricoriki,532-677-6646,rcradduck7t@ftc.gov
Jewelle,251-875-3255,jgentsch7u@wordpress.org
Marty,514-439-3351,mrowcastle7v@wordpress.org
Bobbye,677-818-1630,bhugnin7w@meetup.com
Ginger,879-730-8850,gjaxon7x@dyndns.org
Iolande,215-258-3924,icurmi7y@goo.ne.jp
Susanetta,882-551-8925,sprattin7z@cocolog-nifty.com
Shaylyn,391-540-5999,sswafield80@ftc.gov
Mellisa,563-864-0192,mkimberley81@imageshack.us
Darrell,422-379-4508,dmcasgill82@foxnews.com
Arturo,419-104-3303,atrusty83@utexas.edu
Valentia,932-237-3421,vsherme84@howstuffworks.com
Janenna,934-930-8619,jjoyner85@webs.com
Tony,341-471-1315,thallen86@discovery.com
Emile,451-168-2431,emoughton87@jugem.jp
Cherri,621-289-3577,cbohlsen88@harvard.edu
Cesaro,781-440-4032,credmell89@toplist.cz
Mordy,843-403-1301,mpersehouse8a@admin.ch
Allys,623-185-3090,astellino8b@columbia.edu
Timothy,360-155-7525,tsheffield8c@about.me
Fitzgerald,288-588-5560,fbraiden8d@123-reg.co.uk
Isabel,404-830-6647,ihabershon8e@foxnews.com
Holli,170-547-2918,hmulqueen8f@vimeo.com
Dasi,311-256-6352,dgalland8g@google.cn
Jeremias,932-222-0515,jbarfitt8h@gov.uk
John,545-316-5615,jtrematick8i@unesco.org
Robinett,800-343-5799,rscully8j@addthis.com
Maia,660-769-2964,mbeckey8k@purevolume.com
Josee,944-879-9067,jkiddey8l@nyu.edu
Kelsy,245-179-8452,kcorsan8m@skyrock.com
Lydie,569-977-8820,lstillman8n@1688.com
Trudey,339-616-0816,ttocqueville8o@webeden.co.uk
Bertina,539-812-9345,bwinsom8p@hugedomains.com
Marice,994-451-5621,mlabarre8q@illinois.edu
Cordi,943-347-9288,cdury8r@godaddy.com
Horatius,208-708-5536,hiwanczyk8s@uol.com.br
Morly,280-435-3030,mrobey8t@cpanel.net
Stearn,815-654-6018,saldwinckle8u@furl.net
Broderic,382-953-7449,bmawne8v@home.pl
Jada,671-182-1215,jfrankel8w@myspace.com
Cherrita,763-216-2676,cmacneachtain8x@taobao.com
Stanley,109-753-5238,shamsson8y@surveymonkey.com
Raphael,244-255-5466,rjaye8z@nhs.uk
Dari,496-313-6353,dumpleby90@pinterest.com
Kaia,981-502-0462,kpenley91@liveinternet.ru
Eartha,547-930-4845,esiman92@msu.edu
Poppy,256-465-7512,plemmon93@chron.com
Stefa,833-961-7529,smalthouse94@prlog.org
Cort,301-994-9540,cduffer95@stumbleupon.com
Xylina,954-153-0507,xpackwood96@patch.com
Dunn,115-736-6385,deble97@state.gov
Shaun,252-364-7471,sfitzgerald98@jalbum.net
Alessandro,854-227-2554,akuhlen99@wufoo.com
Mireielle,723-915-9686,msatteford9a@alexa.com
Charla,141-251-2166,crushmer9b@weather.com
Arlee,887-120-2664,amackenzie9c@furl.net
Sigismondo,203-310-5287,srubinow9d@indiatimes.com
Ben,536-610-8068,bwibrew9e@bloglovin.com
Maynord,682-903-9587,mniessen9f@uol.com.br
Jenda,412-297-4534,jjuszczak9g@google.com.hk
Abey,680-795-9216,ashier9h@marriott.com
Phyllys,391-762-1208,plurner9i@admin.ch
Olag,777-286-2500,ooehme9j@google.pl
Leshia,919-335-4248,lpeschet9k@abc.net.au
Bambi,218-873-4561,bfockes9l@networkadvertising.org
Lutero,155-687-5262,lhundey9m@salon.com
Nicolette,217-645-4848,ngoodhew9n@google.cn
Mirilla,606-134-5356,mmidden9o@nba.com
Adrian,245-935-3976,ajurasek9p@homestead.com
Gracia,884-534-6998,gcouvet9q@mac.com
Jan,139-114-7348,jledwith9r@gizmodo.com
Yuri,468-546-8755,ylilleycrop9s@ning.com
Rebecca,260-351-4613,raxworthy9t@admin.ch
Rochelle,258-529-3061,rberringer9u@prweb.com
Kendricks,742-838-2333,kfulmen9v@creativecommons.org
Katrinka,126-604-6590,klansdown9w@163.com
Garrott,417-915-9512,gdesvignes9x@macromedia.com
Jarred,869-457-9988,jslora9y@marketwatch.com
Rubina,502-724-1328,rtunder9z@purevolume.com
Ferd,617-722-7791,fchiecoa0@sourceforge.net
Giordano,513-349-0517,givermeea1@i2i.jp
Meg,365-673-9847,meaglinga2@wordpress.com
Scot,498-420-3567,slomasneya3@macromedia.com
Desiri,691-894-6446,dcherma4@gizmodo.com
Royall,615-678-2051,raasafa5@china.com.cn
Bibbie,792-165-2813,bpordalla6@fotki.com
Wait,549-394-0465,wwicklena7@usnews.com
Micheline,566-149-7244,mudalla8@bloomberg.com
Archie,540-242-4141,awardea9@cocolog-nifty.com
Kirsti,242-508-2113,kkernaghanaa@hostgator.com
Corty,962-414-2675,ckaasmannab@shinystat.com
Jessamyn,957-905-4617,jbonsallac@opensource.org
Karna,706-518-9147,kakamad@va.gov
Hynda,387-801-3978,hbohlensae@yelp.com
Tiena,869-902-1053,tgostallaf@jigsy.com
Niall,164-553-7803,neglingtonag@nationalgeographic.com
Lion,841-578-7236,lwinterborneah@amazon.de
Xenia,724-680-9947,xgarzaai@topsy.com
Benoite,991-828-1139,bthewaj@prweb.com
Rodge,520-118-6929,remsonak@auda.org.au
Danya,697-762-3784,dpadefieldal@google.com
Dougie,111-356-1533,dduberyam@purevolume.com
Felicle,360-251-5340,fnelman@elpais.com
Hersch,921-580-9140,hissittao@uol.com.br
Isadore,919-668-1734,isaiensap@lulu.com
Earvin,826-137-7162,ekwiekaq@sfgate.com
Libby,539-783-4573,lklugear@freewebs.com
Hilton,755-516-2537,hpetreas@independent.co.uk
Enoch,113-411-4134,ehubbackat@rambler.ru
Candis,376-215-7166,ccreserau@usatoday.com
Sammy,930-546-6568,slemarquisav@oakley.com
Dario,948-169-5096,dcomettoiaw@mlb.com
Townie,499-177-2041,tantyukhinax@hibu.com
Trescha,270-322-4675,tdorotay@earthlink.net
Hanan,405-989-4217,hastridgeaz@yellowbook.com
Brigit,140-248-3850,bmoaksonb0@yellowpages.com
Florinda,641-145-8422,fkobub1@wikia.com
Gilbertine,112-788-4046,gcalveyb2@pen.io
Marian,805-132-7528,mkibbeeb3@cbslocal.com
Trixi,151-721-8348,tbelhomeb4@nbcnews.com
Janeta,480-591-6756,jcombesb5@uol.com.br
Denny,407-114-3668,dkellsb6@slideshare.net
Hamish,705-500-1837,hdanilovicb7@state.tx.us
Avie,525-419-3596,acarltonb8@zdnet.com
Lief,328-270-8888,ldownieb9@globo.com
Dominique,542-169-9812,ddhillonba@friendfeed.com
Edgar,882-284-2626,eduncansonbb@accuweather.com
Roberto,824-422-7062,rlaverbc@seattletimes.com
Vallie,191-951-0757,vclossbd@house.gov
Andrey,334-570-5071,amaddysonbe@seesaa.net
Romonda,270-377-0281,rbartolaccibf@ed.gov
Ware,796-414-2953,wvarneybg@biglobe.ne.jp
Eileen,539-496-3206,eglavebh@umn.edu
Estell,591-155-3337,ejelphsbi@t.co
Reinald,618-539-5019,rhillbj@cargocollective.com
Wilona,124-968-2488,wcraigmylebk@foxnews.com
Enoch,413-354-0825,egaitskellbl@home.pl
Tucky,178-254-5817,tgregsonbm@google.co.jp
Annecorinne,704-896-2819,acleeverbn@npr.org
Anet,447-639-4460,abuttrissbo@reference.com
Noe,336-513-0699,nkitsbp@amazon.co.jp
Barbie,742-106-6273,bgreggbq@wufoo.com
Andrew,150-792-1353,alamasnabr@yellowpages.com
Hardy,283-769-9593,hwelfairbs@reuters.com
Rodger,589-740-6737,rvardiebt@shutterfly.com
Rania,217-288-5708,rbronotbu@hubpages.com
Felicia,631-612-1803,fsiveterbv@pinterest.com
Goldarina,162-919-2215,gsaffonbw@diigo.com
Corty,162-808-6947,cgulleybx@ebay.com
Gerardo,349-614-5694,gaichesonby@yolasite.com
Lorelle,337-949-0132,lmeacherbz@themeforest.net
Blakelee,384-284-5326,bdundendalec0@omniture.com
Anna-diana,150-265-2455,adummettc1@addthis.com
Anne,469-484-4569,asenchenkoc2@arizona.edu
Clarke,654-959-5826,cdelfc3@umn.edu
Bradly,772-651-6759,bheathwoodc4@skyrock.com
Misty,819-229-2693,mpaddiec5@barnesandnoble.com
Nelle,260-112-2905,nratcliffc6@bbb.org
Mikey,832-933-0709,mhannerc7@irs.gov
Alecia,575-424-6129,ahoudhuryc8@spiegel.de
Sioux,994-910-2419,smonsonc9@wikimedia.org
Obie,894-400-1073,ocrossbyca@skype.com
Padriac,510-962-2227,pzylbermanncb@imageshack.us
Winny,382-446-0329,wdelapcc@yale.edu
Rosabella,936-580-4973,rdillinghamcd@sciencedirect.com
Giuseppe,505-996-4385,gblankauce@ocn.ne.jp
Rhea,184-776-2155,rkulvercf@xing.com
Jacky,212-338-9427,jdaubneycg@phpbb.com
Jenn,259-854-6276,jlembrickch@spotify.com
Cori,613-598-7721,csyphusci@yandex.ru
Carley,928-133-6327,cparnallcj@hugedomains.com
Jewell,439-717-9457,jyurkinck@jugem.jp
Jackie,393-120-1688,jwaghornecl@dailymotion.com
Gibbie,852-603-3219,ggrevesoncm@prweb.com
Decca,133-856-0803,dcressycn@weebly.com
Sasha,550-530-9990,sdefreitasco@apple.com
Hatty,171-653-1703,hgartancp@ted.com
Mathian,559-502-7076,mmairscq@wordpress.org
Wendel,960-196-4955,wmorrowecr@geocities.jp
Tris,127-130-6509,tbirtlecs@discuz.net
Fonz,702-878-7776,fhlavecekct@istockphoto.com
Hanson,242-654-0854,hyouhillcu@craigslist.org
Roselin,245-425-5602,rlindenbergcv@google.pl
Tod,396-106-4233,tradcliffecw@nbcnews.com
Flin,750-915-7159,fsharpouscx@reverbnation.com
Alena,211-406-9685,aarmourcy@usda.gov
Sammy,725-751-9099,sviccarycz@studiopress.com
Gustavus,591-192-0715,gfentond0@gravatar.com
Farlay,625-297-3581,fcubittd1@sfgate.com
Fin,157-141-8124,fbromed2@php.net
Ive,872-324-4781,ihelietd3@deliciousdays.com
Thurston,751-397-7587,tlebbond4@howstuffworks.com
Traver,579-184-0087,tcamped5@yellowpages.com
Leah,196-898-2593,lbirkd6@wp.com
Janene,821-417-0084,jheskind7@gov.uk
Rodolph,735-680-4597,rhassentd8@parallels.com
Rowen,991-343-2925,rziemsend9@simplemachines.org
Lem,876-539-7629,lsmelleyda@google.de
Dorolice,829-710-6387,dmcbrierdb@miitbeian.gov.cn
Jamey,488-324-3727,jpleassdc@foxnews.com
Luciana,944-216-8317,lmckailedd@mapy.cz
Massimo,946-128-7656,mkrolikde@springer.com
Karilynn,237-717-8756,kaleksashindf@bravesites.com
Filmore,885-868-5754,fgritsunovdg@nba.com
Jandy,440-844-1565,jgrayerdh@slashdot.org
Vale,880-315-6318,vimpletondi@360.cn
Carree,192-731-2050,cdalgetydj@theguardian.com
Skelly,428-269-2538,sbattissondk@japanpost.jp
Vivyanne,702-644-8866,vpozerdl@1688.com
Hortense,826-526-6763,hrenaddm@t-online.de
Merline,765-823-7933,mdownesdn@un.org
Oliviero,385-103-3981,omanuellido@zdnet.com
Toddy,904-254-5198,tmccaigheydp@twitter.com
Josie,797-955-0825,jhathwooddq@army.mil
Lark,389-604-6567,lmulvennadr@cbc.ca
Hatty,731-848-4751,hnoriegads@businesswire.com
Ronna,695-452-6800,rbroadfootdt@creativecommons.org
Phillida,705-409-8273,pgarnsondu@alexa.com
Kane,682-785-0464,kluxondv@state.tx.us
Noelyn,204-679-8019,nlinehamdw@google.de
Darcy,529-550-2039,dbearblockdx@php.net
Lynn,773-271-3927,lducareldy@si.edu
Elliott,403-900-8659,ecarahdz@goo.ne.jp
Cloris,553-147-0590,clunte0@chron.com
Idaline,644-998-0173,idurnille1@youku.com
Ree,110-890-6437,rdearne2@github.com
Tabatha,515-932-4179,triselye3@un.org
Cal,276-566-1488,croddere4@twitter.com
Angie,113-744-8172,amazonowicze5@bluehost.com
Sheeree,356-708-9205,sjoppiche6@samsung.com
Heddie,433-442-2627,hdoalee7@goo.gl
Astrix,517-356-6240,aantysheve8@ebay.co.uk
Consuela,327-814-9197,cclemenceaue9@ask.com
Karina,571-622-1530,kkempstonea@netscape.com
Haleigh,428-568-9084,hgellioneb@google.ca
Bradan,736-572-0179,bvonoertzenec@hibu.com
Nickie,794-606-2203,nsummerleyed@webnode.com
Tod,589-658-0718,tgrimsdellee@fda.gov
Sonja,278-400-2809,scallamef@phoca.cz
Wallie,305-883-3366,wleipoldteg@google.co.jp
Lilllie,830-750-1525,lroweteh@delicious.com
Orel,730-601-4746,oliddenei@dmoz.org
Johnath,115-411-1323,jpallyej@upenn.edu
Annora,143-344-6681,atribeek@phpbb.com
Farlee,801-309-9434,faikenel@zdnet.com
Effie,637-251-1739,eburchem@ebay.com
Giralda,437-819-5248,gnottien@cam.ac.uk
Di,689-661-3422,dassanteeo@hhs.gov
Arman,473-529-9658,ablundelep@163.com
Shelton,893-414-0851,sstansbieeq@unc.edu
Vivie,573-734-2390,vislander@ed.gov
Emma,690-874-8030,ewarres@cbslocal.com
Benoite,201-448-5294,bstookeet@loc.gov
Theadora,411-817-4894,tbuggseu@naver.com
Waite,556-229-9562,wbygroveev@cisco.com
Weston,244-360-5366,wandrichew@prlog.org
Jules,643-907-4232,jduffusex@ox.ac.uk
Ellene,378-660-5755,efranzeney@acquirethisname.com
Sherlock,352-193-9154,sizkovitchez@census.gov
Evin,477-959-8982,eyarntonf0@oakley.com
Mariellen,936-584-8616,mtembridgef1@house.gov
Ashlen,929-268-7291,atuffeyf2@whitehouse.gov
Wilek,156-179-2350,wfeef3@51.la
Othelia,961-222-2687,ojovisf4@quantcast.com
Parnell,781-776-6392,pwallbrookf5@myspace.com
Kelila,335-994-4578,ksamweyesf6@cornell.edu
Rana,666-723-5221,rgaskingf7@ihg.com
Jaquenette,964-776-2210,jblaneyf8@wiley.com
Katherina,808-257-6797,kchillistonef9@example.com
Blane,825-735-6997,bhalliburtonfa@wikia.com
Jan,619-561-3849,jbeardfb@microsoft.com
Marena,567-674-3013,mfomichyovfc@blogger.com
Kermit,492-282-6727,kkohlerfd@cdc.gov
Falkner,276-708-6538,ffoulisfe@studiopress.com
Darci,407-482-7864,dmendelff@yahoo.com
Natalie,192-849-0819,nmoxtedfg@histats.com
Mildrid,518-513-1500,mbilliefh@techcrunch.com
Hilde,113-667-4326,hmaskallfi@narod.ru
Claiborne,487-100-2040,cvolkerfj@tripod.com
Robbie,322-353-7504,ralkerfk@domainmarket.com
Starla,437-946-3459,sclowsfl@pen.io
Thaine,917-894-8546,trowenfm@theatlantic.com
Roby,569-547-6097,rsleitefn@godaddy.com
Fidela,372-303-8246,fkeddeyfo@stanford.edu
Janina,617-118-3926,jcopseyfp@cloudflare.com
Michelle,224-589-6327,mrosenhauptfq@oakley.com
Jeannie,627-253-4995,jmacenzyfr@smh.com.au
Tybie,859-987-7236,tbedsonfs@cnbc.com
Miquela,718-238-5835,mrollsft@trellian.com
Kaja,999-737-0213,ktacefu@sphinn.com
Raffarty,427-262-6241,rmenslerfv@omniture.com
Bram,594-270-9065,bpanonsfw@jimdo.com
Gordy,875-399-5136,gchettlefx@constantcontact.com
Babette,927-780-3152,bkesperfy@who.int
Dalston,206-433-4971,dcolvillfz@discovery.com
Budd,450-937-8571,bfritzerg0@ezinearticles.com
Pavlov,141-936-8837,plonieg1@1und1.de
Mike,116-426-5164,mfriedg2@google.fr
Sarette,926-147-8217,sjorryg3@posterous.com
Brand,301-827-8617,bannaking4@chicagotribune.com
Kit,367-105-4682,ktrenamg5@wiley.com
Stanislaw,613-404-1135,sitskovitzg6@bloomberg.com
Prudy,318-350-6049,psorrelg7@samsung.com
Josie,641-940-7299,jswinbourneg8@netscape.com
Ediva,817-531-1138,esilwoodg9@zimbio.com
Iago,805-192-6003,igynnega@vkontakte.ru
Elle,239-726-4783,eseawardgb@jigsy.com
Katusha,539-876-5757,kbraunstongc@furl.net
Gwenore,871-992-6748,gbrannigd@salon.com
Nestor,533-924-8529,ncroneenge@wiley.com
Bengt,415-326-9311,bburrissgf@google.cn
Adina,323-289-8979,astintongg@comsenz.com
Ernst,385-875-8718,eaysikgh@mac.com
Gram,427-599-2085,ggatenbygi@stumbleupon.com
Rudolph,826-928-5557,rklempkegj@bigcartel.com
Tanya,779-746-1453,trosenblumgk@bloglines.com
Doralyn,937-301-0417,dgoathropgl@wikispaces.com
Kenyon,866-467-0706,kpotterygm@ftc.gov
Lettie,607-985-9281,lframegn@chron.com
Lanny,501-673-4556,lcrannygo@taobao.com
Merell,381-286-9777,mrowengp@dailymail.co.uk
Woodman,433-644-0796,wdurstongq@theglobeandmail.com
Rozele,912-499-6497,rlanneygr@live.com
Alexandrina,512-879-3824,ajaffraygs@ask.com
Renado,422-594-4713,rmckmurriegt@xing.com
Felecia,727-250-2048,ffurlowgu@google.cn
Dianemarie,265-976-8345,djohnstongv@privacy.gov.au
Vallie,933-745-0629,vvonoertzengw@biblegateway.com
Ruprecht,396-724-1101,rtandeygx@ebay.com
Davidson,152-986-3414,dthioliergy@prlog.org
Gipsy,488-116-5309,gclogggz@bizjournals.com
Hyatt,570-269-7000,hantoschh0@xing.com
Alys,196-188-1698,alabouneh1@myspace.com
Hildy,989-256-4131,hebsworthh2@youtube.com
Linette,864-550-2628,lhallenh3@smh.com.au
Lynn,680-344-5102,ldanforthh4@nymag.com
Hinda,416-200-9279,hdarrellh5@drupal.org
Valaree,265-147-1207,vbrecknallh6@tuttocitta.it
Elicia,279-249-7332,epiggotth7@whitehouse.gov
Alfreda,585-946-7482,alevayh8@jimdo.com
Cal,397-336-3149,cdigginsonh9@angelfire.com
Veradis,919-299-8071,vcoalha@barnesandnoble.com
Leeanne,922-433-8799,lparlothb@themeforest.net
Ronda,764-209-1363,rlambkinhc@php.net
Garrett,930-629-7762,gmaccorleyhd@cocolog-nifty.com
Sander,505-671-1664,syokelmanhe@bbb.org
Drusie,237-254-6724,dberrhf@hp.com
Emmalyn,983-606-8624,ewhitmarshhg@census.gov
Kylie,138-864-0128,klambhh@example.com
Devan,311-726-5872,dboutellierhi@nsw.gov.au
Bald,139-550-2220,bmcbeithhj@senate.gov
Miguel,402-979-3380,mstanetthk@last.fm
Phaidra,650-486-5741,pplinckhl@spotify.com
Waly,843-196-2077,wsnarhm@bing.com
Dodi,562-229-0756,dhowishn@mashable.com
Marabel,429-449-7681,mohrtho@techcrunch.com
Buck,947-736-1878,bpeidrohp@sun.com
Dionysus,776-629-0026,dkalinowskyhq@vistaprint.com
Alvin,920-954-1519,abouzekhr@opera.com
Blithe,856-530-1550,bkilbanhs@icq.com
Tori,274-161-3413,tkaseht@rakuten.co.jp
Ava,523-587-8666,aiornshu@sciencedaily.com
Kameko,828-823-2545,ktunstallhv@g.co
Ephrayim,124-492-5566,epenhearowhw@addtoany.com
Juanita,248-935-5200,jolcothx@imdb.com
Valdemar,806-803-5146,vrytonhy@tinyurl.com
Nara,809-632-2941,ncowanhz@ebay.co.uk
Patty,186-353-9179,pmoxhami0@uiuc.edu
Johanna,125-237-6791,jhaslewoodi1@discovery.com
Willy,742-240-6984,wthirtlei2@irs.gov
Cherrita,139-276-8436,carmsdeni3@angelfire.com
Stanwood,639-867-5268,soleszkiewiczi4@redcross.org
Stanislas,665-731-6905,scoolahani5@youtu.be
Corrine,249-947-2006,cwraggsi6@harvard.edu
Sampson,286-196-0340,shuckerbei7@bing.com
Ambrosi,849-251-6410,agriggsi8@theatlantic.com
Celeste,765-433-7271,chealyi9@businessweek.com
Merrill,737-472-2850,mbridgemania@walmart.com
Kirstyn,997-854-0145,kmoorcroftib@addthis.com
Bobina,526-161-5857,bwyllcocksic@devhub.com
Adda,424-463-1503,astennesid@kickstarter.com
Cornelle,139-157-5134,chowiesonie@house.gov
Berky,495-174-6488,bzorerif@discovery.com
Inglebert,107-916-0968,iblackieig@myspace.com
Jolie,579-292-1818,jtompkinsih@google.co.jp
Hally,423-197-1110,hcarloneii@admin.ch
Faith,935-856-1681,fblowinij@livejournal.com
Miriam,674-387-5741,mpellamontik@free.fr
Jesus,964-249-5529,jledgleyil@taobao.com
Shepard,577-714-0603,smatchamim@wunderground.com
Minor,390-484-9218,munsworthin@mediafire.com
Sharia,219-807-0096,sgosbyio@1688.com
Mikol,272-586-9789,mburkhillip@google.it
Tybie,794-818-7728,tdecayetteiq@utexas.edu
Jecho,230-191-8421,jturnerir@stanford.edu
Daffie,168-680-6410,dharesignis@cnbc.com
Phyllida,550-853-3315,pcovelyit@nature.com
Wiley,506-318-0263,wpetrukiu@themeforest.net
Megen,740-669-1230,modeeganiv@addthis.com
Pattie,969-364-2033,pnarisiw@loc.gov
Conny,144-979-0713,cdictix@springer.com
Gabbi,121-237-6315,gitzchakyiy@bravesites.com
Ulla,126-583-4533,uantrobusiz@devhub.com
Erminie,802-461-9657,eormanj0@illinois.edu
Fleurette,989-175-5606,fdemongej1@gov.uk
Flore,569-801-3860,falexandrej2@github.com
Rickey,831-617-6175,rfullickj3@whitehouse.gov
Liuka,324-703-4930,lgarrandj4@admin.ch
Sidonnie,785-980-9356,swintringhamj5@sohu.com
Frederik,313-590-4745,fguerroj6@github.com
Gerri,739-885-8907,gellamj7@netscape.com
Madge,785-797-4802,mbeej8@csmonitor.com
Kennie,866-157-4135,kwalpolej9@netlog.com
Tobye,165-832-5203,tbraccoja@netscape.com
Torin,940-409-5521,twinfindalejb@linkedin.com
Chandler,625-487-3194,cdeedesjc@wikimedia.org
Benny,260-892-9503,bmcculloughjd@furl.net
Norby,922-699-8188,neddowisje@digg.com
Vitia,543-712-2323,vpinkejf@phpbb.com
Obadiah,187-338-3430,omatthisjg@sciencedaily.com
Clare,166-833-6966,cbenzijh@boston.com
Gianina,826-242-1297,gbergenji@elpais.com
Pavel,459-979-0547,pmegsonjj@bing.com
Bald,372-562-4246,bmeeronjk@xinhuanet.com
Kaitlynn,899-781-5058,kbucknilljl@redcross.org
Clifford,485-532-7864,covenelljm@google.co.jp
Iggy,714-246-2083,icorcutjn@businesswire.com
Matelda,943-214-0659,mcomminsjo@blinklist.com
Hermon,404-999-4014,hlonginajp@foxnews.com
Dru,486-495-0964,dconradiejq@sphinn.com
Ginnie,382-938-4934,gtudbaldjr@cpanel.net
Mayne,465-489-1182,mdallinderjs@paginegialle.it
Renata,601-549-3286,rcarcasjt@github.io
Arielle,844-708-7168,adehooghju@epa.gov
Dee,389-918-3496,dloadsmanjv@google.com
Scott,563-487-5371,slonglandjw@cpanel.net
Julie,872-627-1229,jkerleyjx@posterous.com
Natalina,345-684-7794,nricciardellojy@w3.org
Wandis,945-367-1004,wstricklerjz@github.io
Spence,427-332-0064,scamiliok0@dedecms.com
Jorrie,213-213-3854,jaylesburyk1@disqus.com
Barbee,392-806-5425,bcainsk2@disqus.com
Cyndie,796-544-6099,chundeyk3@theguardian.com
Ginnie,851-516-0245,gtangyek4@hp.com
Geraldine,556-673-6805,glangfatk5@plala.or.jp
Lorenza,646-273-1240,lpottingerk6@lycos.com
Freddie,990-939-4672,fmcwhinniek7@nps.gov
Beverie,319-286-1565,bflattmank8@i2i.jp
Henderson,442-857-8717,hfanek9@ebay.co.uk
Cirstoforo,119-856-8090,cfarrahka@mozilla.com
Jaymie,968-119-0979,jjenmankb@seattletimes.com
Orel,205-114-8076,oroebottomkc@auda.org.au
Albert,464-159-2391,aborsaykd@cdbaby.com
Emalia,550-422-9001,ehayke@home.pl
Crin,722-317-8206,cwoolfittkf@webs.com
Rice,759-745-4016,rgavenkg@hc360.com
Mahmud,579-730-1310,meitekh@usa.gov
Lenard,406-107-8542,lfilipchikovki@cnbc.com
Meridel,173-175-1104,mkieldkj@furl.net
Gena,754-457-7844,gwimpeykk@technorati.com
Gerladina,327-550-4723,ggrintkl@utexas.edu
Scotti,568-646-0150,swaldrenkm@hhs.gov
Therese,570-280-5916,tgasparrokn@goodreads.com
Jeri,854-995-2000,jledgardko@webeden.co.uk
Licha,178-764-1297,lgreatreaxkp@macromedia.com
Meyer,752-550-9074,mwinsperkq@google.cn
Dillie,507-169-1426,dnorvalkr@myspace.com
Lori,687-510-1823,lmallamks@independent.co.uk
Adrea,564-666-0416,aimessonkt@msu.edu
Willamina,713-768-8209,wtabbernorku@123-reg.co.uk
Jock,624-822-9328,jcovinokv@livejournal.com
Noelyn,404-877-6211,nmaddrakw@mashable.com
Fraser,180-669-2604,fedisonkx@microsoft.com
Gage,509-816-1787,gmasseiky@google.it
Vin,215-708-2095,vdowsonkz@foxnews.com
Juliette,744-760-5920,jtripconyl0@jalbum.net
Bennie,924-977-6602,bhurchel1@technorati.com
Kristen,973-700-8683,koharneyl2@aboutads.info
Lucius,684-997-0154,lwardlowl3@deliciousdays.com
Aretha,179-591-6687,ahawketl4@booking.com
Vale,744-155-2997,vlathoml5@utexas.edu
Leta,960-419-9338,lferreal6@dailymail.co.uk
Mohandis,387-987-0879,mbissekerl7@xrea.com
Isadora,217-631-6747,igannl8@w3.org
Dyna,525-245-6999,drizzardil9@pagesperso-orange.fr
Katrinka,332-639-1842,kchmiella@meetup.com
Osborne,185-847-9312,ohenrotlb@timesonline.co.uk
Lesly,840-861-6664,lmurbylc@dmoz.org
Bartholomew,984-204-2802,bfaddenld@nih.gov
Lurleen,974-162-2785,ldeavesle@answers.com
Emmye,720-306-4398,echestneylf@uol.com.br
Liane,467-525-5524,lmacgillreichlg@xing.com
Patricia,584-559-1413,pbradburnlh@aol.com
Demetre,636-701-7381,dhogbinli@census.gov
Patton,276-548-1864,ppicktonlj@livejournal.com
Conny,501-198-3616,ccracoelk@tamu.edu
Claybourne,422-967-4562,cmartinuzzill@weather.com
Giovanni,600-241-9966,gveigheylm@sogou.com
Steffane,335-116-7865,sfonsoln@weather.com
Akim,747-400-4665,awhickmanlo@usa.gov
Peggi,835-719-1377,ppostenlp@smh.com.au
Darcy,979-834-0239,dboschelq@google.com.hk
Hilda,753-694-9450,hnovakoviclr@irs.gov
Abbey,301-240-1627,atempestls@miibeian.gov.cn
Dane,336-165-0716,dtoffellt@irs.gov
Wilie,239-989-5262,wnovotnelu@umn.edu
Tim,111-528-4732,tsellarlv@flavors.me
Ian,569-224-7427,ikelstonlw@nytimes.com
Annabal,906-580-4903,atodhunterlx@vk.com
Tracey,608-528-2488,tformbyly@soup.io
Willamina,836-547-1019,wpauleylz@wikispaces.com
Ninnette,437-271-2551,nduthym0@comcast.net
Danie,132-277-3397,dcastlemanm1@nifty.com
Kippy,962-454-2004,kgeraudm2@independent.co.uk
Maurice,431-821-0387,mburchfieldm3@uol.com.br
Ardene,231-981-2205,aamerym4@livejournal.com
Dorri,740-997-4599,dhaillm5@hugedomains.com
Cassey,491-327-5408,crosboroughm6@github.com
Jud,329-140-3121,jcrottym7@npr.org
Melania,718-755-0278,mreidiem8@yellowbook.com
Lonnie,936-907-1935,lsneesbiem9@comsenz.com
Drake,655-242-9838,dcrossmanma@vkontakte.ru
Fanya,186-932-8370,faasafmb@people.com.cn
Trace,587-725-5547,tdonnelmc@reverbnation.com
Amandi,122-557-6896,aglaistermd@acquirethisname.com
Ortensia,157-634-9415,okuhntme@flickr.com
Rosabella,497-512-8816,raitchesonmf@mtv.com
Otto,561-979-7080,odotterillmg@symantec.com
Katuscha,511-464-4323,kscuttmh@mediafire.com
Elisabetta,246-722-1397,edunningmi@google.cn
Sax,876-101-1007,sugonimj@ftc.gov
Korry,915-757-3380,kpadwickmk@cnbc.com
Monika,504-169-8407,mvigorsml@wikipedia.org
Kahlil,866-811-3283,klynesmm@disqus.com
Warner,224-989-1294,wwhiskermn@ocn.ne.jp
Jody,184-644-1847,jpeltzermo@harvard.edu
Halsey,237-594-4610,hpavelinmp@nsw.gov.au
Trix,703-473-9909,tviantmq@mtv.com
Tallou,951-437-1886,tgaynemr@angelfire.com
Newton,949-609-3295,nmckuems@creativecommons.org
Adrienne,499-164-7706,abenedettinimt@diigo.com
Vick,888-683-5287,vbarsbymu@independent.co.uk
Garvy,525-829-0196,gbirchermv@exblog.jp
Boothe,614-972-4700,bbarberymw@vinaora.com
Molly,636-665-8754,mcolegatemx@un.org
Marchelle,278-504-5416,mdeblasimy@tripod.com
Bunni,561-656-3345,btillemz@google.com.au
Filberto,202-642-9562,flaughlinn0@webs.com
Baxy,277-734-2360,bklessmannn1@netlog.com
Ruddy,142-728-3532,rtarpeyn2@google.it
Wilhelmina,184-569-2734,wdumbrilln3@google.it
Erek,173-773-8458,ejewissn4@apache.org
Salem,586-870-8554,smcphersonn5@apache.org
Maxie,143-346-2550,mtaffien6@pcworld.com
Jean,170-136-2234,jgunningn7@123-reg.co.uk
Kerrin,436-335-7373,ksetterthwaitn8@springer.com
Jane,586-637-3848,jhamblynn9@bloomberg.com
Charyl,157-647-1319,casmanna@unesco.org
Lilly,227-736-7197,lcherrisonnb@wiley.com
Theodosia,417-677-5636,tkittownc@irs.gov
Rosalyn,704-135-1525,rlanyonnd@yellowpages.com
Gretel,181-976-4495,gbrafieldne@oakley.com
Chrotoem,819-196-2296,cdensumbenf@dailymotion.com
Michel,508-827-6835,mbasketfieldng@china.com.cn
Jayne,903-681-6827,jcaneonh@hatena.ne.jp
Pet,444-849-1994,porielni@boston.com
Burlie,420-534-5307,bhazlegrovenj@posterous.com
Lilia,872-656-0263,lshuggnk@microsoft.com
Anastasie,863-504-0514,ableiernl@columbia.edu
Barry,835-987-0107,bgoriolinm@wix.com
Georgette,460-460-4690,gmeneyernn@bigcartel.com
Kamillah,147-696-3763,kpensonno@lycos.com
Matthew,508-714-4850,mculhamnp@cnbc.com
Roderigo,324-993-0521,rtullettnq@bravesites.com
Gertie,360-111-7144,gbothamnr@amazon.de
Trixie,179-546-0270,tattlens@imdb.com
Kerri,859-142-9046,kbennikent@economist.com
Cleon,985-206-3052,cbertinnu@bravesites.com
Ardra,628-919-5858,apottberrynv@amazon.com
Lynnette,285-163-9506,lmilstednw@free.fr
Nevil,845-995-3371,ngisbeynx@wired.com
Rosalyn,556-256-8897,rtwinberrowny@nifty.com
Candace,357-282-3000,csemarkenz@samsung.com
Roderick,457-179-8296,rtzukero0@yahoo.com
Jeno,842-650-7188,jtoplisso1@ask.com
Trstram,877-532-1703,tvarneyo2@nba.com
Sherm,799-606-7046,ssketcho3@youku.com
Rosina,202-858-3560,rbradtkeo4@amazon.de
Reynolds,682-672-8621,rpomeryo5@mlb.com
Georgeanne,393-685-5625,gmeegino6@goo.ne.jp
Jamesy,549-272-8192,jbudgeono7@constantcontact.com
Obediah,813-922-2487,ogiffeno8@mozilla.org
Ryun,216-235-2649,rsybeo9@technorati.com
Adlai,590-908-2161,amacloughlinoa@home.pl
Cassie,552-514-0653,cseylerob@smh.com.au
Cyrillus,568-930-4744,cfotittoc@github.io
Corilla,606-143-3875,cadolthineod@forbes.com
Frank,552-938-9700,flonghirstoe@i2i.jp
Ricki,855-548-9753,rkilligrewof@jugem.jp
Burr,720-529-4776,bsillettog@icq.com
Val,868-197-4636,vdenmeadoh@chron.com
Anetta,539-533-9740,aabrahamsohnoi@blinklist.com
Lion,820-464-0040,lcocksoj@zimbio.com
Allie,414-341-3417,ageockleok@t.co
Ruthe,355-418-6252,rleathardol@hud.gov
Levy,626-416-6489,ltilmouthom@japanpost.jp
Jillayne,666-618-1162,jsimeonon@slate.com
Lloyd,894-102-5093,lnannoo@a8.net
Katinka,999-876-5562,kweinmannop@sciencedirect.com
Brenda,602-174-0779,bbourgesoq@netscape.com
Ferrel,234-900-9103,fcheeldor@flickr.com
Donalt,228-157-1271,dmaylingos@economist.com
Aland,491-310-8768,abonnettot@jiathis.com
Freda,269-545-6206,fmunslowou@tiny.cc
Ivan,826-643-7353,ijandourekov@slate.com
Heddie,806-525-5473,hraspisonow@theguardian.com
Gilberto,157-849-6806,ghopferox@ted.com
Vaughn,664-550-9946,vgomersalloy@ask.com
Elissa,272-593-9093,eatgeroz@moonfruit.com
Federica,485-235-9163,frosenshinep0@cbslocal.com
Christoffer,658-353-9783,cmaudep1@dedecms.com
Karel,448-684-3228,kkingswoodp2@sbwire.com
Merrielle,864-660-5661,mjimenezp3@flickr.com
Paolina,339-367-9204,pcowinp4@reuters.com
Leon,443-879-8626,lsaylorp5@nba.com
Guillermo,989-601-5327,gscimonellip6@house.gov
Zorina,641-436-6481,zbiasettip7@bloglovin.com
Kermy,307-575-6977,khenrip8@paginegialle.it
Tove,166-532-4845,toluneyp9@example.com
Gaby,347-859-0673,gplumleypa@trellian.com
Monique,150-568-5456,mziebartpb@is.gd
Ema,762-115-1812,ecolpuspc@buzzfeed.com
Alphonso,209-921-7966,apinnockepd@nytimes.com
Lonnie,219-463-0169,lcoldrickpe@telegraph.co.uk
Ofelia,404-193-6848,oartonpf@flavors.me
Daffi,938-631-0557,droubypg@weebly.com
Shayna,695-581-1984,sberreph@home.pl
Elia,769-773-5281,ecroxleypi@diigo.com
Ede,782-449-9494,ecroftspj@irs.gov
Elie,341-272-5052,esheekeypk@mediafire.com
Truman,572-836-7223,tlukianovichpl@yahoo.co.jp
Thurstan,451-154-7260,tspillanepm@wufoo.com
Lilla,416-246-9129,lfowlestonepn@linkedin.com
Katie,632-929-2894,kcasalepo@smh.com.au
Jodee,941-527-1613,jbugdenpp@discovery.com
Helge,708-482-0761,hablettpq@biglobe.ne.jp
Rosalinde,255-775-5437,ryuryichevpr@pen.io
Patrizius,716-644-3571,pfalconertaylorps@npr.org
Hubie,939-355-8430,hgareisrpt@dailymotion.com
Merrile,879-408-8515,mbizleypu@creativecommons.org
Alanna,678-309-7952,amannakeepv@cornell.edu
Nan,528-150-4797,npointerpw@instagram.com
Donni,652-580-2388,dsuterpx@engadget.com
Wyatan,855-924-8701,wpadberypy@home.pl
Rosemonde,133-921-8201,rlewtonpz@hp.com
Linus,807-140-7632,lissacovq0@opera.com
Rebekah,584-603-9016,rambergq1@livejournal.com
Malissia,171-724-6595,mortasq2@fema.gov
Esdras,306-535-0430,ecathieq3@fotki.com
Camel,886-994-7363,cjandelq4@cisco.com
Kizzie,368-498-7539,kbarabischq5@imgur.com
Ernaline,567-269-2232,ecauleyq6@wix.com
Gun,301-941-6813,glevyq7@cloudflare.com
Betsey,441-659-2221,btumielliq8@nationalgeographic.com
Lutero,982-712-1321,lvickressq9@networkadvertising.org
Dale,268-116-5850,dandrewarthaqa@pen.io
Fletch,439-141-1836,fscroxtonqb@51.la
Rafaelia,598-811-2665,rtefftqc@people.com.cn
Julie,379-600-9425,jjentgensqd@techcrunch.com
Ericka,428-837-0243,epetroffqe@wix.com
Mart,135-300-3400,mhalstedqf@dyndns.org
Nev,893-678-8430,nshatliffeqg@google.de
Eolanda,133-338-8932,emathelinqh@youku.com
Sallie,227-247-0140,sgaskallqi@tumblr.com
Tim,339-267-7810,ttucsellqj@nsw.gov.au
Garth,102-643-5745,ggeldertqk@nih.gov
Mady,760-557-5686,mseamenql@theglobeandmail.com
Nikola,314-840-2447,nhayhowqm@vk.com
Anselma,236-982-7272,amelroseqn@google.com
Beverie,170-591-7285,bbugdaleqo@jugem.jp
Malena,467-891-9357,mbarhamqp@sogou.com
Irvin,685-635-2488,ihawksleeqq@gizmodo.com
Osbourne,683-657-3318,odreierqr@creativecommons.org
Marven,587-576-5860,mtoomerqs@howstuffworks.com
Wald,337-258-9846,wclearieqt@dagondesign.com
Janina,179-717-4293,jberranequ@sina.com.cn
Earvin,924-445-4103,eauklandqv@tuttocitta.it
Ronnie,216-547-8576,rduffynqw@parallels.com
Aylmer,544-451-7329,aventumqx@timesonline.co.uk
Justus,970-498-5945,jbasekqy@lulu.com
Culver,255-271-6854,cklimtqz@baidu.com
Courtnay,283-338-4270,ckindlesider0@godaddy.com
Drona,445-577-7771,dharbottler1@independent.co.uk
Rodina,257-218-1891,rtrewhelar2@dailymotion.com
Carmencita,316-345-2411,cdemeridar3@networksolutions.com
Rivkah,446-480-1422,rdabnotr4@go.com
Arthur,520-294-8913,aarcaser5@myspace.com
Hodge,759-350-9534,hclougherr6@prlog.org
Alberik,929-107-8264,aheusticer7@time.com
Charity,698-568-0906,cpotkinsr8@google.pl
Tiertza,270-655-7556,tcleevesr9@xrea.com
Marrilee,915-431-7012,mcastagnora@bigcartel.com
Maurizia,767-748-7847,medgettrb@skyrock.com
Charmain,954-669-9358,cfolshomrc@engadget.com
Terri,386-343-3876,tcreaseyrd@nih.gov
Kippy,516-951-2236,kmcterryre@howstuffworks.com
Marina,563-155-0854,mleonardsrf@myspace.com
Arly,403-870-1477,aadicotrg@auda.org.au
Marleen,185-703-0037,mproudrh@shinystat.com
Winonah,996-285-3687,wrapierri@fda.gov
Mano,254-281-1516,mbichardrj@hao123.com
Bevan,173-620-6662,bluigirk@engadget.com
Jobey,607-581-8061,jchalfainrl@google.ru
Lavina,861-933-3695,lkitchinrm@prnewswire.com
Cedric,220-504-0437,cbernardonirn@unicef.org
Phil,810-917-0810,pcharkro@ed.gov
Ruby,914-266-9937,rhadleyrp@pbs.org
Anny,296-393-7245,ashadfourthrq@dropbox.com
Atlanta,561-439-2185,arushbrookrr@dot.gov
